name,email,password,role
zvance,davidreese@example.org,&QAZ1D7kW2,buyer
bethpatel,ybowen@example.com,^1wz8Q0dFy,admin
andersonbrenda,michaelunderwood@example.org,X3UJkmju(P,seller
jesse21,cheyenneturner@example.com,YI#qM9Jk7#,buyer
noahtaylor,greggpayne@example.net,r03KFIWu#&,buyer
juanwright,cunninghamjennifer@example.org,4754A8gxX*,seller
lking,hortiz@example.org,m37PLjOA$(,seller
gmendoza,wwilliams@example.net,C(t7dAjyUE,seller
allison34,grahampatrick@example.com,N+YxB8tk6I,seller
bennettemma,hintonronald@example.com,bQ7L5nS*K_,buyer
sheilamiller,nfisher@example.com,nM_^3HNz4t,admin
ikelley,darren10@example.net,E$0MbvjcoN,seller
susanwilliams,kdeleon@example.net,_NW@H6FaH9,admin
dawnthompson,patriciagarcia@example.net,+$8(T75fF&,seller
richmondnicole,carol76@example.org,&$+2ChBnxb,admin
jason90,pamelamoore@example.com,)#8SkHpi^0,buyer
jerry86,whitakerkevin@example.org,b8#PjDVz#1,seller
medinaheather,bgarcia@example.org,4*F7jO$r+0,seller
christine01,adamsroberto@example.net,r$P7TvazOm,buyer
hutchinsonmichael,garciajames@example.com,)5yWGWtmmy,admin
brandon70,dshort@example.com,!K3%fGRmJn,seller
manningashley,jmalone@example.net,e(Z%T!e6)4,seller
fvillanueva,cobbkimberly@example.com,!)R%wuf*5f,buyer
millerantonio,stefanieflores@example.net,*9OG^K588q,buyer
yangbarbara,castrokimberly@example.net,F(29CC4k*y,seller
steelemichael,nicholas72@example.com,(9!vn0Nr*x,buyer
thomas68,warejesse@example.com,&^+WI%Psl2,seller
jenkinsedward,kellykemp@example.org,T60Uvd+xW),seller
scott53,cbarrett@example.com,6eg@4mEz95,buyer
kevin21,martinezsherry@example.org,%auBmFlua3,buyer
patriciahood,farmerjesse@example.com,2n$7W7j+)H,buyer
ekelly,taylor41@example.net,+2ItgNcFs!,seller
taylorbrown,molly62@example.com,6&L1TrRsfg,admin
melissa25,steve13@example.net,lv!#GBkK(6,buyer
susanbridges,hrobinson@example.org,peX8sJRjY%,buyer
martinezjennifer,psmith@example.com,*(l1CKq8hd,buyer
mcknightamanda,kristin62@example.org,%aT)OW())1,buyer
ywilson,brian97@example.org,#4pKLys)&q,seller
brittany51,williamspaul@example.net,&2+yZpLZdb,admin
francisco87,uphillips@example.org,$@0)Wsurv3,seller
taylorjudith,joneslauren@example.org,!)78qrMbKj,admin
petermitchell,bellaustin@example.org,$T9i0iWfnz,seller
francisbenjamin,rosegerald@example.com,@V*XecX#a7,seller
garrisonnichole,antonio08@example.com,7%Jg!noZ&M,admin
raymondconley,jennifermiller@example.net,sh&YwHd1(6,admin
vdominguez,jason31@example.org,4!a*6Ir6G&,seller
ubutler,nalvarado@example.org,&T2Mm%vszr,buyer
edwinclark,carolsingh@example.com,(#&3Xg4l61,seller
beanmelvin,traceygray@example.com,)WI7AjyTh2,seller
laura33,bradshawkatelyn@example.org,@c&22Ycu*x,seller
sydney29,julie57@example.net,1efcrYeA%z,buyer
wigginsalexis,daniel38@example.com,^3GKU8qb&_,seller
sethhubbard,anthony54@example.org,8gZc#9CfAa,admin
mitchellmichelle,tiffanyibarra@example.com,475S$sXi%5,buyer
jimmy99,millermelissa@example.com,Km41tLYs9^,buyer
scottrobert,nfisher@example.org,5u8HySqdQ@,admin
delgadoalicia,frussell@example.org,E_5OX6bC^q,buyer
hurstchristopher,theresa24@example.org,0ijK1LUl#9,admin
apeterson,josephrocha@example.org,w!F7GUO$Hb,admin
vlane,pearsonloretta@example.net,^quAjCM5g0,buyer
kirk65,kathrynschwartz@example.com,$^K9O9cTCl,admin
martinezmichael,flynnchristopher@example.com,47yZbw2B!C,admin
martinandre,dmatthews@example.org,)(zQQ0z#r2,admin
boonerachel,kimsuzanne@example.org,%23O8syzB&,admin
wongthomas,nicoleyoung@example.com,k$1ojKEGVq,buyer
greencharles,john11@example.net,DXO9@5SkB@,admin
frederickwilliams,michellejohnson@example.net,^d0NjEYkR^,seller
umartin,nalexander@example.org,19^eY%*!!p,buyer
hruiz,amber37@example.net,OI1MQ0ycM),seller
crystal48,valdezsarah@example.com,^U@h2Ky*x^,buyer
roberthernandez,lisacummings@example.org,!ZbAuU8EU4,buyer
duffysteve,sara99@example.net,Vl1cXQsIc),admin
leslie32,codycaldwell@example.net,%LE+Oc)xO0,admin
william84,wreyes@example.net,y)e1Zu$4N0,admin
kevinwall,kellyhicks@example.org,1zU_^KWu+W,admin
smithdaniel,jondoyle@example.org,$yi7HZbNdS,seller
jboyle,gflores@example.com,^%XVoYu8v5,buyer
robert80,mdrake@example.org,)P)9yczlZ9,admin
millercourtney,melissalopez@example.org,(6HhS5hS#l,admin
mike05,tkim@example.org,*4TX8Uv5*5,seller
shelley77,froberts@example.net,+#TJ4BUc13,seller
jennifermason,smithjade@example.org,idAUx4IYD*,admin
mramos,ramoskyle@example.org,)5(RGQLWCz,buyer
cyoung,adam19@example.org,)bYU@ntEp2,buyer
flowersmeghan,patelgregory@example.com,)D^zR2Fsya,buyer
twhite,eric27@example.net,s4+&3mRfGk,admin
josephwilson,ashley10@example.org,_xaWxli8C0,buyer
craiglong,uhenry@example.net,V%3UNvYPcj,seller
jessica88,robertsdeanna@example.net,+_Tw7Oh^I&,seller
gjenkins,christophergrimes@example.net,1j2XcFcq*I,seller
joshuablackburn,brendagriffin@example.net,u9yR@VUZ)w,seller
rstevens,sclark@example.net,_#RbuHdH5R,buyer
kchapman,nduncan@example.net,W+4#RfWokZ,admin
williamschristopher,luisphillips@example.org,+f2LzPTIRf,seller
thompsonkelly,patelpaul@example.org,*A)Ls4GrE7,seller
crystalramirez,lambertkevin@example.net,E%nf4V9e&V,buyer
zlambert,dukechristine@example.org,m1)1RBDn^l,admin
brownmary,ocruz@example.net,XW&lV1YsjY,admin
crawfordchristopher,ashleyjohnson@example.org,U9ZpJIz^@f,admin
gonzalezrachael,hoffmanmichael@example.com,^LU8kQDru0,buyer